voornaam,achternaam,geboortedatum,werkgever,rol,bio
Nick,Snel,1985-10-25,De Ree,Student,"Mijn naam is Nick Snel en ik woon in Meppel, samen met mijn vriend in een huurwoning. In mijn vrije tijd ga ik graag zwemmen en ik doe ook veel aan gamen. Software voor de agri-sector is een niche die me fascineert; De Ree loopt daarin voorop. Ik koos voor Make It Work Noord-Nederland omdat de opleiding meteen relevant is voor de praktijk."
Tobias,Terpstra,1986-03-27,Sopra Steria,Student,"Ik ben Tobias, woonachtig in Groningen. Ik woon samen met mijn partner in een gezellig appartement. In mijn vrije tijd gamen ik graag en ook fotograferen vind ik heerlijk om te doen. Bij Sopra Steria kan ik snel veel verschillende sectoren leren kennen, en dat past bij mijn nieuwsgierigheid. De community rondom Make It Work Noord-Nederland gaf de doorslag; je leert hier niet alleen van docenten maar ook van elkaar."
Petra,Vermeer,1993-01-26,Nidaros,Student,"Ik ben Petra, geboren en getogen in de buurt van Franeker. Op dit moment woon ik alleen in een studio in het centrum. Zingen in een koor en paddleboarden zijn mijn grote hobby's. De Groningse roots van Nidaros en de focus op lokaal MKB maken dat ik me er echt thuis voel. Na veel wikken en wegen koos ik voor Make It Work Noord-Nederland vanwege de sterke band met het regionale bedrijfsleven."
Nick,Visser,1991-12-27,Valtes,Student,"Mijn naam is Nick Visser en ik woon in Leeuwarden, alleen in een studio in het centrum. In mijn vrije tijd ga ik graag vrijwilligerswerk bij een voedselbank en ik doe ook veel aan tuinieren. De gestructureerde aanpak en het vakmanschap bij Valtes trekken me aan als aankomend developer. Make It Work Noord-Nederland leek me de perfecte manier om mijn technische nieuwsgierigheid om te zetten in een echte carrière."
Roos,Hoffman,1988-09-18,De Ree,Student,"Ik ben Roos, geboren en getogen in de buurt van Appingedam. Op dit moment woon ik samen met drie vrienden in een studentenhuis. Basketbal en drummen zijn mijn grote hobby's. De agrarische sector digitaliseert razendsnel en ik wil bij De Ree aan die transitie meewerken. Ik koos voor Make It Work Noord-Nederland omdat de opleiding meteen relevant is voor de praktijk."
Max,Bos,1998-12-11,De Ree,Student,"Ik ben Max, woonachtig in Joure. Ik woon samen met twee huisgenoten in een gedeeld huis. In mijn vrije tijd voetbal bij een amateurvereniging ik graag en ook basketbal vind ik heerlijk om te doen. Bij De Ree kan ik technologie inzetten voor een sector die er echt toe doet: de voedselketen. Via Make It Work Noord-Nederland wil ik de technische diepgang krijgen die ik in mijn vorige werk miste."
Lieke,De Groot,1999-12-13,Valtes,Student,Hoi! Ik ben Lieke en ik kom uit Hoogezand. Ik woon in een gezellige woning met mijn vrouw en kat. Mijn vrije tijd breng ik het liefst door met hardlopen en tuinieren. De gestructureerde aanpak en het vakmanschap bij Valtes trekken me aan als aankomend developer. De community rondom Make It Work Noord-Nederland gaf de doorslag; je leert hier niet alleen van docenten maar ook van elkaar.
Merel,Backer,1991-06-17,Rijksuniversiteit Groningen,Student,"Ik ben Merel en ik woon in Hoogeveen, nog thuis bij mijn ouders. Als ik niet aan het studeren ben, ben ik waarschijnlijk bezig met fotograferen of voetbal bij een amateurvereniging. De RUG combineert onderzoek en onderwijs op het hoogste niveau. Ik wil bijdragen aan de digitale toekomst van de universiteit. Make It Work Noord-Nederland leek me de perfecte manier om mijn technische nieuwsgierigheid om te zetten in een echte carrière."
Daan,De Jong,1985-12-08,Nidaros,Student,"Ik ben Daan, geboren en getogen in de buurt van Roden. Op dit moment woon ik samen met mijn man en onze dochter. Gamen en surfen zijn mijn grote hobby's. Nidaros richt zich op maatwerk software voor het MKB, en ik hou van die directe impact op klanten. De community rondom Make It Work Noord-Nederland gaf de doorslag; je leert hier niet alleen van docenten maar ook van elkaar."
Frank,De Boer,1989-10-05,Nimble,Student,"Mijn naam is Frank De Boer en ik woon in Roden, met mijn gezin – we hebben samen twee kinderen. In mijn vrije tijd ga ik graag yoga en ik doe ook veel aan schaken. Nimble staat voor agile werken en snelle innovatie, een omgeving waarin ik het beste tot mijn recht kom. Make It Work Noord-Nederland gaf me het vertrouwen dat ik als carrièreswitch echt een goede softwareontwikkelaar kan worden."
Maud,Schippers,1988-03-12,Sopra Steria,Student,"Hoi! Ik ben Maud en ik kom uit Sneek. Ik woon in een gezellige woning met mijn vrouw en kat. Mijn vrije tijd breng ik het liefst door met surfen en fitness. Bij Sopra Steria kan ik snel veel verschillende sectoren leren kennen, en dat past bij mijn nieuwsgierigheid. Ik koos voor Make It Work Noord-Nederland omdat de opleiding meteen relevant is voor de praktijk."
Amber,Terpstra,1989-01-27,IBM,Student,Hoi! Ik ben Amber en ik kom uit Stadskanaal. Ik woon alleen in een studio in het centrum. Mijn vrije tijd breng ik het liefst door met koken en vrijwilligerswerk bij een voedselbank. De internationale uitstraling en de focus op AI bij IBM trekken me enorm aan. Make It Work Noord-Nederland is voor mij de brug tussen waar ik vandaan kom en waar ik naartoe wil.
Rick,Dijk,1996-01-26,De Ree,Student,"Mijn naam is Rick Dijk en ik woon in Roden, samen met mijn vriend in een huurwoning. In mijn vrije tijd ga ik graag zwemmen en ik doe ook veel aan motorrijden. Bij De Ree kan ik technologie inzetten voor een sector die er echt toe doet: de voedselketen. Make It Work Noord-Nederland biedt een steile leercurve en dat is precies wat ik nodig heb om snel bij te komen."
Hugo,Janssen,2000-09-07,Sopra Steria,Student,"Mijn naam is Hugo Janssen en ik woon in Veendam, nog thuis bij mijn ouders. In mijn vrije tijd ga ik graag bakken en ik doe ook veel aan gitaarspelen. De consultancyomgeving van Sopra Steria trekt me aan; ik wil complexe vraagstukken voor klanten oplossen. De praktijkgerichte aanpak van Make It Work Noord-Nederland paste perfect bij de manier waarop ik het liefst leer."
Arnold,Tjeerdsma,1999-05-13,Sopra Steria,Student,"Ik ben Arnold en ik woon in Winschoten, met mijn gezin – we hebben samen twee kinderen. Als ik niet aan het studeren ben, ben ik waarschijnlijk bezig met klimmen of gamen. De consultancyomgeving van Sopra Steria trekt me aan; ik wil complexe vraagstukken voor klanten oplossen. Ik koos voor Make It Work Noord-Nederland omdat de opleiding meteen relevant is voor de praktijk."
Fleur,Kok,1993-04-04,Rijksuniversiteit Groningen,Student,"Ik ben Fleur, geboren en getogen in de buurt van Heerenveen. Op dit moment woon ik samen met twee huisgenoten in een gedeeld huis. Motorrijden en koken zijn mijn grote hobby's. De combinatie van wetenschap en technologie die de RUG biedt, is precies waar mijn hart sneller van gaat kloppen. Ik koos voor Make It Work Noord-Nederland omdat de opleiding meteen relevant is voor de praktijk."
Arnold,Hoffman,1985-10-13,De Ree,Student,"Mijn naam is Arnold Hoffman en ik woon in Hoogezand, nog thuis bij mijn ouders. In mijn vrije tijd ga ik graag bakken en ik doe ook veel aan motorrijden. Bij De Ree kan ik technologie inzetten voor een sector die er echt toe doet: de voedselketen. Make It Work Noord-Nederland biedt een steile leercurve en dat is precies wat ik nodig heb om snel bij te komen."
Hilde,Postma,1986-04-28,Univé,Student,"Ik ben Hilde en ik woon in Hoogeveen, in een rijtjeshuis aan de rand van de stad. Als ik niet aan het studeren ben, ben ik waarschijnlijk bezig met wandelen in de natuur of boardgames met vrienden. Verzekeringen kunnen veel slimmer en transparanter, en bij Univé wil ik daaraan bijdragen. Make It Work Noord-Nederland biedt een steile leercurve en dat is precies wat ik nodig heb om snel bij te komen."
Frank,Wolff,1991-12-13,Sopra Steria,Student,"Ik ben Frank, geboren en getogen in de buurt van Winschoten. Op dit moment woon ik samen met mijn vriend in een huurwoning. Filmavonden en lezen zijn mijn grote hobby's. Bij Sopra Steria kan ik snel veel verschillende sectoren leren kennen, en dat past bij mijn nieuwsgierigheid. Make It Work Noord-Nederland biedt een steile leercurve en dat is precies wat ik nodig heb om snel bij te komen."
Eva,De Jong,1997-12-23,Axians,Student,"Mijn naam is Eva De Jong en ik woon in Groningen, samen met drie vrienden in een studentenhuis. In mijn vrije tijd ga ik graag schaken en ik doe ook veel aan zingen in een koor. Axians werkt aan de digitale infrastructuur van morgen en ik wil daarin een rol spelen. De community rondom Make It Work Noord-Nederland gaf de doorslag; je leert hier niet alleen van docenten maar ook van elkaar."
Amber,Zwart,1987-11-02,IBM,Student,"Ik ben Amber en ik woon in Winschoten, samen met mijn vriend in een huurwoning. Als ik niet aan het studeren ben, ben ik waarschijnlijk bezig met gitaarspelen of birdwatching. IBM staat voor mij synoniem aan innovatie op wereldschaal, en ik wil daar deel van uitmaken. De korte lijnen met de leerbedrijven bij Make It Work Noord-Nederland maken het verschil ten opzichte van een reguliere opleiding."
Yorick,Steens,1999-12-11,Nidaros,Student,"Ik ben Yorick, geboren en getogen in de buurt van Drachten. Op dit moment woon ik samen met mijn partner in een gezellig appartement. Gitaarspelen en zingen in een koor zijn mijn grote hobby's. Bij Nidaros werkt een klein, hecht team aan mooie producten. Die sfeer past perfect bij mij. De korte lijnen met de leerbedrijven bij Make It Work Noord-Nederland maken het verschil ten opzichte van een reguliere opleiding."
Tineke,Evers,2000-01-01,Valtes,Student,"Ik ben Tineke, woonachtig in Meppel. Ik woon alleen in een studio in het centrum. In mijn vrije tijd 3D-printen ik graag en ook surfen vind ik heerlijk om te doen. De gestructureerde aanpak en het vakmanschap bij Valtes trekken me aan als aankomend developer. Ik koos voor Make It Work Noord-Nederland omdat de opleiding meteen relevant is voor de praktijk."
An,Pijlman,1987-03-05,Alliade,Student,"Mijn naam is An Pijlman en ik woon in Dokkum, samen met drie vrienden in een studentenhuis. In mijn vrije tijd ga ik graag 3D-printen en ik doe ook veel aan wandelen in de natuur. Ik heb altijd affiniteit gehad met de zorgsector en bij Alliade kan ik die combineren met software development. Make It Work Noord-Nederland gaf me het vertrouwen dat ik als carrièreswitch echt een goede softwareontwikkelaar kan worden."
Esther,Leemhuis,1994-11-09,Nidaros,Student,"Ik ben Esther en ik woon in Leek, samen met mijn vriend in een huurwoning. Als ik niet aan het studeren ben, ben ik waarschijnlijk bezig met wielrennen of dansen. De Groningse roots van Nidaros en de focus op lokaal MKB maken dat ik me er echt thuis voel. Na veel wikken en wegen koos ik voor Make It Work Noord-Nederland vanwege de sterke band met het regionale bedrijfsleven."
Loes,Veenstra,1994-03-04,Nimble,Student,"Ik ben Loes, geboren en getogen in de buurt van Emmen. Op dit moment woon ik samen met mijn man en onze dochter. Zingen in een koor en gamen zijn mijn grote hobby's. Nimble staat voor agile werken en snelle innovatie, een omgeving waarin ik het beste tot mijn recht kom. De korte lijnen met de leerbedrijven bij Make It Work Noord-Nederland maken het verschil ten opzichte van een reguliere opleiding."
Laura,Beek,1992-11-03,De Ree,Student,"Mijn naam is Laura Beek en ik woon in Roden, op kamers in Groningen. In mijn vrije tijd ga ik graag schaken en ik doe ook veel aan gitaarspelen. De agrarische sector digitaliseert razendsnel en ik wil bij De Ree aan die transitie meewerken. Via Make It Work Noord-Nederland wil ik de technische diepgang krijgen die ik in mijn vorige werk miste."
Tessa,Vermeer,2000-06-24,Alliade,Student,"Mijn naam is Tessa Vermeer en ik woon in Groningen, samen met twee huisgenoten in een gedeeld huis. In mijn vrije tijd ga ik graag wielrennen en ik doe ook veel aan zingen in een koor. Bij Alliade draait het om mensen. Software die het werk van zorgprofessionals makkelijker maakt, geeft mijn werk betekenis. Make It Work Noord-Nederland is voor mij de brug tussen waar ik vandaan kom en waar ik naartoe wil."
Sarah,Wijnen,1996-10-02,Alliade,Student,"Hoi! Ik ben Sarah en ik kom uit Leeuwarden. Ik woon samen met mijn vriendin in een koopwoning. Mijn vrije tijd breng ik het liefst door met zwemmen en tuinieren. Bij Alliade draait het om mensen. Software die het werk van zorgprofessionals makkelijker maakt, geeft mijn werk betekenis. Via Make It Work Noord-Nederland wil ik de technische diepgang krijgen die ik in mijn vorige werk miste."
Dennis,Visser,1997-06-01,De Ree,Student,"Ik ben Dennis en ik woon in Winschoten, samen met mijn partner in een gezellig appartement. Als ik niet aan het studeren ben, ben ik waarschijnlijk bezig met filmavonden of voetbal bij een amateurvereniging. Software voor de agri-sector is een niche die me fascineert; De Ree loopt daarin voorop. Make It Work Noord-Nederland biedt een steile leercurve en dat is precies wat ik nodig heb om snel bij te komen."
Julian,Lammers,1990-10-30,Rijksuniversiteit Groningen,Student,Hoi! Ik ben Julian en ik kom uit Hoogeveen. Ik woon in een rijtjeshuis aan de rand van de stad. Mijn vrije tijd breng ik het liefst door met drummen en gamen. De RUG combineert onderzoek en onderwijs op het hoogste niveau. Ik wil bijdragen aan de digitale toekomst van de universiteit. Make It Work Noord-Nederland biedt een steile leercurve en dat is precies wat ik nodig heb om snel bij te komen.
Wendy,Lammers,1995-01-13,Valtes,Student,"Ik ben Wendy en ik woon in Stadskanaal, in een rijtjeshuis aan de rand van de stad. Als ik niet aan het studeren ben, ben ik waarschijnlijk bezig met hardlopen of zingen in een koor. De gestructureerde aanpak en het vakmanschap bij Valtes trekken me aan als aankomend developer. Na veel wikken en wegen koos ik voor Make It Work Noord-Nederland vanwege de sterke band met het regionale bedrijfsleven."
Julia,Veenstra,1997-08-16,Axians,Student,"Ik ben Julia, woonachtig in Harlingen. Ik woon samen met drie vrienden in een studentenhuis. In mijn vrije tijd hardlopen ik graag en ook lezen vind ik heerlijk om te doen. Netwerken, cloud en security: bij Axians kom ik in aanraking met het volledige technische spectrum. Make It Work Noord-Nederland gaf me het vertrouwen dat ik als carrièreswitch echt een goede softwareontwikkelaar kan worden."
Bo,Hoffman,1995-01-26,Rijksuniversiteit Groningen,Student,"Ik ben Bo en ik woon in Winschoten, samen met mijn partner in een gezellig appartement. Als ik niet aan het studeren ben, ben ik waarschijnlijk bezig met zwemmen of fotograferen. Als softwareontwikkelaar bij de RUG kan ik tools bouwen die studenten en onderzoekers echt verder helpen. De praktijkgerichte aanpak van Make It Work Noord-Nederland paste perfect bij de manier waarop ik het liefst leer."
Quinten,Veldman,1993-08-17,Nimble,Student,"Ik ben Quinten, geboren en getogen in de buurt van Hoogeveen. Op dit moment woon ik op kamers in Groningen. Tennis en vrijwilligerswerk bij een voedselbank zijn mijn grote hobby's. De start-up mentaliteit van Nimble spreekt me enorm aan; ik wil impact maken zonder bureaucratie. Via Make It Work Noord-Nederland wil ik de technische diepgang krijgen die ik in mijn vorige werk miste."
Stijn,Vos,1985-12-12,Rijksuniversiteit Groningen,Student,Hoi! Ik ben Stijn en ik kom uit Roden. Ik woon alleen in een studio in het centrum. Mijn vrije tijd breng ik het liefst door met yoga en voetbal bij een amateurvereniging. Als softwareontwikkelaar bij de RUG kan ik tools bouwen die studenten en onderzoekers echt verder helpen. De praktijkgerichte aanpak van Make It Work Noord-Nederland paste perfect bij de manier waarop ik het liefst leer.
Yorick,Wijnen,1999-10-09,Sopra Steria,Student,"Ik ben Yorick, woonachtig in Hoogezand. Ik woon samen met mijn vriendin in een koopwoning. In mijn vrije tijd drummen ik graag en ook lezen vind ik heerlijk om te doen. Bij Sopra Steria kan ik snel veel verschillende sectoren leren kennen, en dat past bij mijn nieuwsgierigheid. Make It Work Noord-Nederland gaf me het vertrouwen dat ik als carrièreswitch echt een goede softwareontwikkelaar kan worden."
Cas,Albers,1997-12-24,Valtes,Student,Hoi! Ik ben Cas en ik kom uit Harlingen. Ik woon in een rijtjeshuis aan de rand van de stad. Mijn vrije tijd breng ik het liefst door met paddleboarden en boardgames met vrienden. De gestructureerde aanpak en het vakmanschap bij Valtes trekken me aan als aankomend developer. Ik koos voor Make It Work Noord-Nederland omdat de opleiding meteen relevant is voor de praktijk.
Nick,Hermans,1990-08-18,IBM,Student,"Ik ben Nick, geboren en getogen in de buurt van Heerenveen. Op dit moment woon ik samen met mijn partner in een gezellig appartement. Wielrennen en hardlopen zijn mijn grote hobby's. IBM staat voor mij synoniem aan innovatie op wereldschaal, en ik wil daar deel van uitmaken. Make It Work Noord-Nederland gaf me het vertrouwen dat ik als carrièreswitch echt een goede softwareontwikkelaar kan worden."
Maud,Hoekstra,1989-12-21,Rijksuniversiteit Groningen,Student,"Mijn naam is Maud Hoekstra en ik woon in Appingedam, in een rijtjeshuis aan de rand van de stad. In mijn vrije tijd ga ik graag motorrijden en ik doe ook veel aan birdwatching. De combinatie van wetenschap en technologie die de RUG biedt, is precies waar mijn hart sneller van gaat kloppen. De community rondom Make It Work Noord-Nederland gaf de doorslag; je leert hier niet alleen van docenten maar ook van elkaar."
Isabel,Zwart,1993-01-18,IBM,Student,"Mijn naam is Isabel Zwart en ik woon in Veendam, nog thuis bij mijn ouders. In mijn vrije tijd ga ik graag voetbal bij een amateurvereniging en ik doe ook veel aan dansen. IBM staat voor mij synoniem aan innovatie op wereldschaal, en ik wil daar deel van uitmaken. Via Make It Work Noord-Nederland wil ik de technische diepgang krijgen die ik in mijn vorige werk miste."
Hanna,Veldman,1989-06-22,De Ree,Student,Hoi! Ik ben Hanna en ik kom uit Hoogeveen. Ik woon met mijn gezin – we hebben samen twee kinderen. Mijn vrije tijd breng ik het liefst door met lezen en boardgames met vrienden. Software voor de agri-sector is een niche die me fascineert; De Ree loopt daarin voorop. Make It Work Noord-Nederland leek me de perfecte manier om mijn technische nieuwsgierigheid om te zetten in een echte carrière.
Fleur,De Boer,2000-01-25,De Ree,Student,"Ik ben Fleur, woonachtig in Harlingen. Ik woon alleen in een studio in het centrum. In mijn vrije tijd koken ik graag en ook paddleboarden vind ik heerlijk om te doen. De agrarische sector digitaliseert razendsnel en ik wil bij De Ree aan die transitie meewerken. De korte lijnen met de leerbedrijven bij Make It Work Noord-Nederland maken het verschil ten opzichte van een reguliere opleiding."
Ruben,Dijk,1999-05-09,Nimble,Student,"Ik ben Ruben, geboren en getogen in de buurt van Hoogeveen. Op dit moment woon ik in een rijtjeshuis aan de rand van de stad. Fitness en voetbal bij een amateurvereniging zijn mijn grote hobby's. Bij Nimble krijg ik de ruimte om te experimenteren en snel te leren, precies wat ik nodig heb. De praktijkgerichte aanpak van Make It Work Noord-Nederland paste perfect bij de manier waarop ik het liefst leer."
Nienke,Jonker,1989-12-20,Rijksuniversiteit Groningen,Student,"Ik ben Nienke en ik woon in Dokkum, in een rijtjeshuis aan de rand van de stad. Als ik niet aan het studeren ben, ben ik waarschijnlijk bezig met zwemmen of hardlopen. Als softwareontwikkelaar bij de RUG kan ik tools bouwen die studenten en onderzoekers echt verder helpen. Make It Work Noord-Nederland gaf me het vertrouwen dat ik als carrièreswitch echt een goede softwareontwikkelaar kan worden."
Veerle,De Graaf,1991-02-05,Nimble,Student,"Ik ben Veerle, woonachtig in Leeuwarden. Ik woon op kamers in Groningen. In mijn vrije tijd filmavonden ik graag en ook vrijwilligerswerk bij een voedselbank vind ik heerlijk om te doen. De start-up mentaliteit van Nimble spreekt me enorm aan; ik wil impact maken zonder bureaucratie. Make It Work Noord-Nederland leek me de perfecte manier om mijn technische nieuwsgierigheid om te zetten in een echte carrière."
Vera,Berg,1988-11-09,IBM,Student,Hoi! Ik ben Vera en ik kom uit Dokkum. Ik woon samen met drie vrienden in een studentenhuis. Mijn vrije tijd breng ik het liefst door met hardlopen en koken. IBM biedt precies de technische uitdaging die ik zoek na jaren in een andere sector. Make It Work Noord-Nederland is voor mij de brug tussen waar ik vandaan kom en waar ik naartoe wil.
Patrick,De Wolf,1994-03-07,Nimble,Student,"Mijn naam is Patrick De Wolf en ik woon in Harlingen, samen met drie vrienden in een studentenhuis. In mijn vrije tijd ga ik graag surfen en ik doe ook veel aan gamen. De start-up mentaliteit van Nimble spreekt me enorm aan; ik wil impact maken zonder bureaucratie. Make It Work Noord-Nederland is voor mij de brug tussen waar ik vandaan kom en waar ik naartoe wil."
Quinten,Kuipers,1995-11-24,Nidaros,Student,"Mijn naam is Quinten Kuipers en ik woon in Veendam, samen met drie vrienden in een studentenhuis. In mijn vrije tijd ga ik graag fitness en ik doe ook veel aan zwemmen. De Groningse roots van Nidaros en de focus op lokaal MKB maken dat ik me er echt thuis voel. Via Make It Work Noord-Nederland wil ik de technische diepgang krijgen die ik in mijn vorige werk miste."
Koen,Hoekstra,1986-11-17,Univé,Student,"Ik ben Koen, woonachtig in Veendam. Ik woon met mijn gezin – we hebben samen twee kinderen. In mijn vrije tijd klimmen ik graag en ook gamen vind ik heerlijk om te doen. Ik geloof dat data en technologie de verzekeringswereld grondig gaan veranderen. Univé is daarin vooruitstrevend. Make It Work Noord-Nederland gaf me het vertrouwen dat ik als carrièreswitch echt een goede softwareontwikkelaar kan worden."
Nathalie,Wierda,1999-11-04,Univé,Student,"Ik ben Nathalie, woonachtig in Hoogeveen. Ik woon samen met mijn man en onze dochter. In mijn vrije tijd zwemmen ik graag en ook 3D-printen vind ik heerlijk om te doen. Ik geloof dat data en technologie de verzekeringswereld grondig gaan veranderen. Univé is daarin vooruitstrevend. De praktijkgerichte aanpak van Make It Work Noord-Nederland paste perfect bij de manier waarop ik het liefst leer."
Oscar,Gerritsen,1985-05-12,Rijksuniversiteit Groningen,Student,"Ik ben Oscar en ik woon in Drachten, samen met mijn vriendin in een koopwoning. Als ik niet aan het studeren ben, ben ik waarschijnlijk bezig met hardlopen of zwemmen. De RUG combineert onderzoek en onderwijs op het hoogste niveau. Ik wil bijdragen aan de digitale toekomst van de universiteit. Make It Work Noord-Nederland biedt een steile leercurve en dat is precies wat ik nodig heb om snel bij te komen."
Harm,Mulder,1991-03-23,Sopra Steria,Student,"Ik ben Harm, geboren en getogen in de buurt van Emmen. Op dit moment woon ik samen met mijn partner in een gezellig appartement. Zingen in een koor en lezen zijn mijn grote hobby's. Bij Sopra Steria kan ik snel veel verschillende sectoren leren kennen, en dat past bij mijn nieuwsgierigheid. Make It Work Noord-Nederland gaf me het vertrouwen dat ik als carrièreswitch echt een goede softwareontwikkelaar kan worden."
Sjoerd,Zwart,1989-05-30,IBM,Student,"Ik ben Sjoerd en ik woon in Hoogeveen, samen met mijn man en onze dochter. Als ik niet aan het studeren ben, ben ik waarschijnlijk bezig met vrijwilligerswerk bij een voedselbank of tuinieren. IBM staat voor mij synoniem aan innovatie op wereldschaal, en ik wil daar deel van uitmaken. De korte lijnen met de leerbedrijven bij Make It Work Noord-Nederland maken het verschil ten opzichte van een reguliere opleiding."
Quinten,Smits,1991-10-04,Univé,Student,Hoi! Ik ben Quinten en ik kom uit Hoogeveen. Ik woon samen met mijn partner in een gezellig appartement. Mijn vrije tijd breng ik het liefst door met motorrijden en birdwatching. Ik geloof dat data en technologie de verzekeringswereld grondig gaan veranderen. Univé is daarin vooruitstrevend. Make It Work Noord-Nederland biedt een steile leercurve en dat is precies wat ik nodig heb om snel bij te komen.
Arjan,Boer,1999-08-31,Alliade,Student,"Ik ben Arjan, woonachtig in Leek. Ik woon met mijn gezin – we hebben samen twee kinderen. In mijn vrije tijd schaken ik graag en ook schilderen vind ik heerlijk om te doen. Ik heb altijd affiniteit gehad met de zorgsector en bij Alliade kan ik die combineren met software development. Na veel wikken en wegen koos ik voor Make It Work Noord-Nederland vanwege de sterke band met het regionale bedrijfsleven."
Daan,Zwart,1992-09-26,Axians,Student,"Ik ben Daan en ik woon in Sneek, alleen in een studio in het centrum. Als ik niet aan het studeren ben, ben ik waarschijnlijk bezig met fitness of dansen. De projecten die Axians uitvoert zijn maatschappelijk relevant en technisch uitdagend tegelijk. De praktijkgerichte aanpak van Make It Work Noord-Nederland paste perfect bij de manier waarop ik het liefst leer."
Adriaan,Lammers,1988-08-20,Nimble,Student,"Ik ben Adriaan, woonachtig in Joure. Ik woon in een gezellige woning met mijn vrouw en kat. In mijn vrije tijd filmavonden ik graag en ook tuinieren vind ik heerlijk om te doen. Nimble staat voor agile werken en snelle innovatie, een omgeving waarin ik het beste tot mijn recht kom. De community rondom Make It Work Noord-Nederland gaf de doorslag; je leert hier niet alleen van docenten maar ook van elkaar."
Lien,Westerhof,1995-02-24,Rijksuniversiteit Groningen,Student,"Ik ben Lien, geboren en getogen in de buurt van Assen. Op dit moment woon ik op kamers in Groningen. Wielrennen en voetbal bij een amateurvereniging zijn mijn grote hobby's. De RUG combineert onderzoek en onderwijs op het hoogste niveau. Ik wil bijdragen aan de digitale toekomst van de universiteit. De community rondom Make It Work Noord-Nederland gaf de doorslag; je leert hier niet alleen van docenten maar ook van elkaar."
Lena,Smit,1985-04-25,Nimble,Student,"Ik ben Lena, geboren en getogen in de buurt van Drachten. Op dit moment woon ik op kamers in Groningen. Motorrijden en birdwatching zijn mijn grote hobby's. Nimble staat voor agile werken en snelle innovatie, een omgeving waarin ik het beste tot mijn recht kom. Make It Work Noord-Nederland gaf me het vertrouwen dat ik als carrièreswitch echt een goede softwareontwikkelaar kan worden."
Victor,Gerritsen,1986-10-19,Univé,Student,"Ik ben Victor, geboren en getogen in de buurt van Assen. Op dit moment woon ik in een gezellige woning met mijn vrouw en kat. Wandelen in de natuur en gamen zijn mijn grote hobby's. Verzekeringen kunnen veel slimmer en transparanter, en bij Univé wil ik daaraan bijdragen. De praktijkgerichte aanpak van Make It Work Noord-Nederland paste perfect bij de manier waarop ik het liefst leer."
Bert,Bakker,1993-06-22,Rijksuniversiteit Groningen,Student,"Ik ben Bert, woonachtig in Joure. Ik woon samen met mijn partner in een gezellig appartement. In mijn vrije tijd 3D-printen ik graag en ook schaken vind ik heerlijk om te doen. De RUG combineert onderzoek en onderwijs op het hoogste niveau. Ik wil bijdragen aan de digitale toekomst van de universiteit. Make It Work Noord-Nederland gaf me het vertrouwen dat ik als carrièreswitch echt een goede softwareontwikkelaar kan worden."
Tessa,Jonker,1994-11-16,De Ree,Student,"Mijn naam is Tessa Jonker en ik woon in Hoogeveen, op kamers in Groningen. In mijn vrije tijd ga ik graag klimmen en ik doe ook veel aan lezen. Bij De Ree kan ik technologie inzetten voor een sector die er echt toe doet: de voedselketen. De community rondom Make It Work Noord-Nederland gaf de doorslag; je leert hier niet alleen van docenten maar ook van elkaar."
Nora,Wierda,1985-03-27,Rijksuniversiteit Groningen,Student,"Ik ben Nora, geboren en getogen in de buurt van Drachten. Op dit moment woon ik samen met twee huisgenoten in een gedeeld huis. Klimmen en motorrijden zijn mijn grote hobby's. De RUG combineert onderzoek en onderwijs op het hoogste niveau. Ik wil bijdragen aan de digitale toekomst van de universiteit. De community rondom Make It Work Noord-Nederland gaf de doorslag; je leert hier niet alleen van docenten maar ook van elkaar."
Celine,Arends,1992-06-24,Valtes,Student,"Ik ben Celine, woonachtig in Leeuwarden. Ik woon alleen in een studio in het centrum. In mijn vrije tijd koken ik graag en ook klimmen vind ik heerlijk om te doen. Valtes bouwen aan software die processen slimmer maakt; ik wil meebouwen aan die efficiënte toekomst. Make It Work Noord-Nederland leek me de perfecte manier om mijn technische nieuwsgierigheid om te zetten in een echte carrière."
Roos,Roos,1985-01-05,Valtes,Student,"Mijn naam is Roos Roos en ik woon in Leeuwarden, samen met twee huisgenoten in een gedeeld huis. In mijn vrije tijd ga ik graag drummen en ik doe ook veel aan wandelen in de natuur. De gestructureerde aanpak en het vakmanschap bij Valtes trekken me aan als aankomend developer. De korte lijnen met de leerbedrijven bij Make It Work Noord-Nederland maken het verschil ten opzichte van een reguliere opleiding."
Boris,Zijlstra,1998-04-02,Axians,Student,"Ik ben Boris en ik woon in Drachten, samen met twee huisgenoten in een gedeeld huis. Als ik niet aan het studeren ben, ben ik waarschijnlijk bezig met gamen of koken. De projecten die Axians uitvoert zijn maatschappelijk relevant en technisch uitdagend tegelijk. Make It Work Noord-Nederland gaf me het vertrouwen dat ik als carrièreswitch echt een goede softwareontwikkelaar kan worden."
Frank,Smit,1991-08-16,Univé,Student,"Mijn naam is Frank Smit en ik woon in Hoogezand, samen met mijn man en onze dochter. In mijn vrije tijd ga ik graag tennis en ik doe ook veel aan birdwatching. Verzekeringen kunnen veel slimmer en transparanter, en bij Univé wil ik daaraan bijdragen. Na veel wikken en wegen koos ik voor Make It Work Noord-Nederland vanwege de sterke band met het regionale bedrijfsleven."
Dirk,Peters,1999-02-28,Nimble,Student,"Ik ben Dirk, woonachtig in Heerenveen. Ik woon samen met mijn vriendin in een koopwoning. In mijn vrije tijd bakken ik graag en ook schilderen vind ik heerlijk om te doen. De start-up mentaliteit van Nimble spreekt me enorm aan; ik wil impact maken zonder bureaucratie. De community rondom Make It Work Noord-Nederland gaf de doorslag; je leert hier niet alleen van docenten maar ook van elkaar."
Lotte,Timmer,1991-05-15,De Ree,Student,"Ik ben Lotte, geboren en getogen in de buurt van Hoogeveen. Op dit moment woon ik samen met drie vrienden in een studentenhuis. Fitness en vrijwilligerswerk bij een voedselbank zijn mijn grote hobby's. De agrarische sector digitaliseert razendsnel en ik wil bij De Ree aan die transitie meewerken. Make It Work Noord-Nederland biedt een steile leercurve en dat is precies wat ik nodig heb om snel bij te komen."
Yvonne,Driessen,1992-03-04,De Ree,Student,"Ik ben Yvonne en ik woon in Leeuwarden, in een gezellige woning met mijn vrouw en kat. Als ik niet aan het studeren ben, ben ik waarschijnlijk bezig met wielrennen of paddleboarden. Software voor de agri-sector is een niche die me fascineert; De Ree loopt daarin voorop. Make It Work Noord-Nederland biedt een steile leercurve en dat is precies wat ik nodig heb om snel bij te komen."
Iris,Visser,1998-01-29,Nimble,Student,"Hoi! Ik ben Iris en ik kom uit Joure. Ik woon alleen in een studio in het centrum. Mijn vrije tijd breng ik het liefst door met surfen en gitaarspelen. Bij Nimble krijg ik de ruimte om te experimenteren en snel te leren, precies wat ik nodig heb. Na veel wikken en wegen koos ik voor Make It Work Noord-Nederland vanwege de sterke band met het regionale bedrijfsleven."
Yorick,Nijboer,1999-07-10,IBM,Student,"Mijn naam is Yorick Nijboer en ik woon in Franeker, in een gezellige woning met mijn vrouw en kat. In mijn vrije tijd ga ik graag lezen en ik doe ook veel aan klimmen. IBM staat voor mij synoniem aan innovatie op wereldschaal, en ik wil daar deel van uitmaken. Via Make It Work Noord-Nederland wil ik de technische diepgang krijgen die ik in mijn vorige werk miste."
Julia,Westerhof,1987-11-04,Valtes,Student,Hoi! Ik ben Julia en ik kom uit Roden. Ik woon samen met drie vrienden in een studentenhuis. Mijn vrije tijd breng ik het liefst door met motorrijden en filmavonden. Valtes bouwen aan software die processen slimmer maakt; ik wil meebouwen aan die efficiënte toekomst. De korte lijnen met de leerbedrijven bij Make It Work Noord-Nederland maken het verschil ten opzichte van een reguliere opleiding.
Jade,De Vries,1998-05-02,Univé,Student,"Ik ben Jade, geboren en getogen in de buurt van Meppel. Op dit moment woon ik nog thuis bij mijn ouders. Lezen en basketbal zijn mijn grote hobby's. Ik geloof dat data en technologie de verzekeringswereld grondig gaan veranderen. Univé is daarin vooruitstrevend. Make It Work Noord-Nederland gaf me het vertrouwen dat ik als carrièreswitch echt een goede softwareontwikkelaar kan worden."
Lena,Oosterhout,1990-02-27,Axians,Student,"Ik ben Lena en ik woon in Appingedam, op kamers in Groningen. Als ik niet aan het studeren ben, ben ik waarschijnlijk bezig met koken of lezen. Netwerken, cloud en security: bij Axians kom ik in aanraking met het volledige technische spectrum. Via Make It Work Noord-Nederland wil ik de technische diepgang krijgen die ik in mijn vorige werk miste."
Julia,Jonker,1986-12-31,Axians,Student,"Ik ben Julia, geboren en getogen in de buurt van Franeker. Op dit moment woon ik samen met mijn vriendin in een koopwoning. Gitaarspelen en bakken zijn mijn grote hobby's. Axians werkt aan de digitale infrastructuur van morgen en ik wil daarin een rol spelen. De korte lijnen met de leerbedrijven bij Make It Work Noord-Nederland maken het verschil ten opzichte van een reguliere opleiding."
Rick,Pieters,1985-08-14,Sopra Steria,Student,"Mijn naam is Rick Pieters en ik woon in Heerenveen, samen met twee huisgenoten in een gedeeld huis. In mijn vrije tijd ga ik graag 3D-printen en ik doe ook veel aan lezen. Sopra Steria combineert technologie met maatwerk advies, precies wat ik wil doen. Make It Work Noord-Nederland biedt een steile leercurve en dat is precies wat ik nodig heb om snel bij te komen."
Tineke,Nijboer,1995-07-03,Valtes,Student,"Ik ben Tineke en ik woon in Hoogeveen, alleen in een studio in het centrum. Als ik niet aan het studeren ben, ben ik waarschijnlijk bezig met koken of basketbal. Valtes heeft een goede naam in de regio en ik wil bijdragen aan die reputatie met kwalitatieve code. Ik koos voor Make It Work Noord-Nederland omdat de opleiding meteen relevant is voor de praktijk."
Rens,Weide,1996-01-26,Sopra Steria,Student,"Hoi! Ik ben Rens en ik kom uit Sneek. Ik woon nog thuis bij mijn ouders. Mijn vrije tijd breng ik het liefst door met surfen en dansen. Bij Sopra Steria kan ik snel veel verschillende sectoren leren kennen, en dat past bij mijn nieuwsgierigheid. Make It Work Noord-Nederland biedt een steile leercurve en dat is precies wat ik nodig heb om snel bij te komen."
Max,Vos,1988-10-18,Rijksuniversiteit Groningen,Student,"Ik ben Max, geboren en getogen in de buurt van Assen. Op dit moment woon ik samen met mijn vriend in een huurwoning. Paddleboarden en zwemmen zijn mijn grote hobby's. De combinatie van wetenschap en technologie die de RUG biedt, is precies waar mijn hart sneller van gaat kloppen. Via Make It Work Noord-Nederland wil ik de technische diepgang krijgen die ik in mijn vorige werk miste."
Max,Kuipers,1998-12-02,De Ree,Student,"Ik ben Max en ik woon in Hoogezand, op kamers in Groningen. Als ik niet aan het studeren ben, ben ik waarschijnlijk bezig met lezen of paddleboarden. Software voor de agri-sector is een niche die me fascineert; De Ree loopt daarin voorop. Make It Work Noord-Nederland gaf me het vertrouwen dat ik als carrièreswitch echt een goede softwareontwikkelaar kan worden."
Abel,Naber,1993-10-12,Nidaros,Student,"Mijn naam is Abel Naber en ik woon in Harlingen, samen met mijn vriend in een huurwoning. In mijn vrije tijd ga ik graag surfen en ik doe ook veel aan fitness. Bij Nidaros werkt een klein, hecht team aan mooie producten. Die sfeer past perfect bij mij. Make It Work Noord-Nederland is voor mij de brug tussen waar ik vandaan kom en waar ik naartoe wil."
Yorick,Pijlman,1987-02-01,Valtes,Student,"Ik ben Yorick, geboren en getogen in de buurt van Heerenveen. Op dit moment woon ik op kamers in Groningen. Koken en klimmen zijn mijn grote hobby's. De gestructureerde aanpak en het vakmanschap bij Valtes trekken me aan als aankomend developer. Ik koos voor Make It Work Noord-Nederland omdat de opleiding meteen relevant is voor de praktijk."
Sofie,Wierda,1991-04-09,Valtes,Student,Hoi! Ik ben Sofie en ik kom uit Leeuwarden. Ik woon samen met mijn partner in een gezellig appartement. Mijn vrije tijd breng ik het liefst door met wandelen in de natuur en basketbal. Valtes heeft een goede naam in de regio en ik wil bijdragen aan die reputatie met kwalitatieve code. Make It Work Noord-Nederland biedt een steile leercurve en dat is precies wat ik nodig heb om snel bij te komen.
Elke,Linden,1993-05-11,Nidaros,Student,"Ik ben Elke, geboren en getogen in de buurt van Heerenveen. Op dit moment woon ik in een rijtjeshuis aan de rand van de stad. Motorrijden en zwemmen zijn mijn grote hobby's. Nidaros richt zich op maatwerk software voor het MKB, en ik hou van die directe impact op klanten. Make It Work Noord-Nederland gaf me het vertrouwen dat ik als carrièreswitch echt een goede softwareontwikkelaar kan worden."
Iris,Baas,1992-03-09,Nimble,Student,"Ik ben Iris, geboren en getogen in de buurt van Meppel. Op dit moment woon ik samen met drie vrienden in een studentenhuis. Gamen en bakken zijn mijn grote hobby's. De start-up mentaliteit van Nimble spreekt me enorm aan; ik wil impact maken zonder bureaucratie. Na veel wikken en wegen koos ik voor Make It Work Noord-Nederland vanwege de sterke band met het regionale bedrijfsleven."
Henk,Smits,1998-12-12,Nimble,Student,"Ik ben Henk, woonachtig in Meppel. Ik woon samen met drie vrienden in een studentenhuis. In mijn vrije tijd zingen in een koor ik graag en ook vrijwilligerswerk bij een voedselbank vind ik heerlijk om te doen. Bij Nimble krijg ik de ruimte om te experimenteren en snel te leren, precies wat ik nodig heb. Via Make It Work Noord-Nederland wil ik de technische diepgang krijgen die ik in mijn vorige werk miste."
Loes,De Jong,1994-12-20,Axians,Student,Hoi! Ik ben Loes en ik kom uit Hoogezand. Ik woon samen met mijn vriendin in een koopwoning. Mijn vrije tijd breng ik het liefst door met gamen en filmavonden. De projecten die Axians uitvoert zijn maatschappelijk relevant en technisch uitdagend tegelijk. De korte lijnen met de leerbedrijven bij Make It Work Noord-Nederland maken het verschil ten opzichte van een reguliere opleiding.
Tim,Aben,1986-04-01,Sopra Steria,Student,"Ik ben Tim en ik woon in Dokkum, nog thuis bij mijn ouders. Als ik niet aan het studeren ben, ben ik waarschijnlijk bezig met dansen of drummen. Bij Sopra Steria kan ik snel veel verschillende sectoren leren kennen, en dat past bij mijn nieuwsgierigheid. Make It Work Noord-Nederland gaf me het vertrouwen dat ik als carrièreswitch echt een goede softwareontwikkelaar kan worden."
Boris,Meijer,1997-02-17,Alliade,Student,"Ik ben Boris, woonachtig in Harlingen. Ik woon samen met mijn partner in een gezellig appartement. In mijn vrije tijd bakken ik graag en ook zingen in een koor vind ik heerlijk om te doen. Ik heb altijd affiniteit gehad met de zorgsector en bij Alliade kan ik die combineren met software development. De praktijkgerichte aanpak van Make It Work Noord-Nederland paste perfect bij de manier waarop ik het liefst leer."
Noortje,Backer,1995-09-14,Rijksuniversiteit Groningen,Student,"Ik ben Noortje en ik woon in Assen, samen met drie vrienden in een studentenhuis. Als ik niet aan het studeren ben, ben ik waarschijnlijk bezig met yoga of gitaarspelen. De combinatie van wetenschap en technologie die de RUG biedt, is precies waar mijn hart sneller van gaat kloppen. De korte lijnen met de leerbedrijven bij Make It Work Noord-Nederland maken het verschil ten opzichte van een reguliere opleiding."
Patrick,Lanting,1995-11-26,Sopra Steria,Student,"Ik ben Patrick, geboren en getogen in de buurt van Appingedam. Op dit moment woon ik op kamers in Groningen. Motorrijden en wandelen in de natuur zijn mijn grote hobby's. Bij Sopra Steria kan ik snel veel verschillende sectoren leren kennen, en dat past bij mijn nieuwsgierigheid. Make It Work Noord-Nederland leek me de perfecte manier om mijn technische nieuwsgierigheid om te zetten in een echte carrière."
Anouk,Lammers,1986-10-21,IBM,Student,"Mijn naam is Anouk Lammers en ik woon in Roden, samen met drie vrienden in een studentenhuis. In mijn vrije tijd ga ik graag schaken en ik doe ook veel aan basketbal. IBM staat voor mij synoniem aan innovatie op wereldschaal, en ik wil daar deel van uitmaken. Na veel wikken en wegen koos ik voor Make It Work Noord-Nederland vanwege de sterke band met het regionale bedrijfsleven."
Arjan,Dam,1992-12-07,Valtes,Student,Hoi! Ik ben Arjan en ik kom uit Sneek. Ik woon samen met mijn vriendin in een koopwoning. Mijn vrije tijd breng ik het liefst door met tuinieren en hardlopen. De gestructureerde aanpak en het vakmanschap bij Valtes trekken me aan als aankomend developer. Make It Work Noord-Nederland gaf me het vertrouwen dat ik als carrièreswitch echt een goede softwareontwikkelaar kan worden.
Dirk,Dam,1987-06-25,Rijksuniversiteit Groningen,Student,Hoi! Ik ben Dirk en ik kom uit Leeuwarden. Ik woon alleen in een studio in het centrum. Mijn vrije tijd breng ik het liefst door met drummen en birdwatching. De RUG combineert onderzoek en onderwijs op het hoogste niveau. Ik wil bijdragen aan de digitale toekomst van de universiteit. De praktijkgerichte aanpak van Make It Work Noord-Nederland paste perfect bij de manier waarop ik het liefst leer.
Laura,Centraal,2000-01-29,De Ree,Student,"Mijn naam is Laura Centraal en ik woon in Heerenveen, op kamers in Groningen. In mijn vrije tijd ga ik graag wielrennen en ik doe ook veel aan schilderen. De agrarische sector digitaliseert razendsnel en ik wil bij De Ree aan die transitie meewerken. Make It Work Noord-Nederland leek me de perfecte manier om mijn technische nieuwsgierigheid om te zetten in een echte carrière."
Daan,Bos,1985-12-30,Alliade,Student,"Ik ben Daan, woonachtig in Leeuwarden. Ik woon samen met mijn partner in een gezellig appartement. In mijn vrije tijd boardgames met vrienden ik graag en ook tuinieren vind ik heerlijk om te doen. Bij Alliade draait het om mensen. Software die het werk van zorgprofessionals makkelijker maakt, geeft mijn werk betekenis. Make It Work Noord-Nederland leek me de perfecte manier om mijn technische nieuwsgierigheid om te zetten in een echte carrière."
Bram,Kok,1995-03-06,Univé,Student,"Ik ben Bram, geboren en getogen in de buurt van Appingedam. Op dit moment woon ik op kamers in Groningen. Gamen en 3D-printen zijn mijn grote hobby's. Ik geloof dat data en technologie de verzekeringswereld grondig gaan veranderen. Univé is daarin vooruitstrevend. Na veel wikken en wegen koos ik voor Make It Work Noord-Nederland vanwege de sterke band met het regionale bedrijfsleven."
Henk,Evers,1991-08-27,Univé,Student,"Ik ben Henk, geboren en getogen in de buurt van Roden. Op dit moment woon ik in een gezellige woning met mijn vrouw en kat. Motorrijden en drummen zijn mijn grote hobby's. Ik geloof dat data en technologie de verzekeringswereld grondig gaan veranderen. Univé is daarin vooruitstrevend. Ik koos voor Make It Work Noord-Nederland omdat de opleiding meteen relevant is voor de praktijk."
Ole,Driessen,1993-01-25,Valtes,Student,"Ik ben Ole, woonachtig in Dokkum. Ik woon samen met drie vrienden in een studentenhuis. In mijn vrije tijd zingen in een koor ik graag en ook filmavonden vind ik heerlijk om te doen. De gestructureerde aanpak en het vakmanschap bij Valtes trekken me aan als aankomend developer. Make It Work Noord-Nederland biedt een steile leercurve en dat is precies wat ik nodig heb om snel bij te komen."
Lena,Pieters,1988-02-19,Univé,Student,Hoi! Ik ben Lena en ik kom uit Hoogezand. Ik woon in een gezellige woning met mijn vrouw en kat. Mijn vrije tijd breng ik het liefst door met wandelen in de natuur en bakken. Als coöperatie heeft Univé een unieke aanpak die mij aanspreekt. Ik wil dat van binnenuit meebouwen. Via Make It Work Noord-Nederland wil ik de technische diepgang krijgen die ik in mijn vorige werk miste.
Stefan,Wijnen,1991-08-20,Axians,Student,"Ik ben Stefan, woonachtig in Winschoten. Ik woon op kamers in Groningen. In mijn vrije tijd tuinieren ik graag en ook dansen vind ik heerlijk om te doen. Axians werkt aan de digitale infrastructuur van morgen en ik wil daarin een rol spelen. De korte lijnen met de leerbedrijven bij Make It Work Noord-Nederland maken het verschil ten opzichte van een reguliere opleiding."
Ties,Hermans,1996-04-23,Nidaros,Student,"Ik ben Ties, woonachtig in Heerenveen. Ik woon nog thuis bij mijn ouders. In mijn vrije tijd yoga ik graag en ook boardgames met vrienden vind ik heerlijk om te doen. De Groningse roots van Nidaros en de focus op lokaal MKB maken dat ik me er echt thuis voel. Make It Work Noord-Nederland biedt een steile leercurve en dat is precies wat ik nodig heb om snel bij te komen."
Dirk,Boer,1992-12-30,Alliade,Student,Hoi! Ik ben Dirk en ik kom uit Roden. Ik woon nog thuis bij mijn ouders. Mijn vrije tijd breng ik het liefst door met fitness en dansen. Ik heb altijd affiniteit gehad met de zorgsector en bij Alliade kan ik die combineren met software development. Ik koos voor Make It Work Noord-Nederland omdat de opleiding meteen relevant is voor de praktijk.
Karen,Berg,1986-04-18,Nimble,Student,"Ik ben Karen en ik woon in Appingedam, samen met mijn man en onze dochter. Als ik niet aan het studeren ben, ben ik waarschijnlijk bezig met gamen of surfen. Nimble staat voor agile werken en snelle innovatie, een omgeving waarin ik het beste tot mijn recht kom. De korte lijnen met de leerbedrijven bij Make It Work Noord-Nederland maken het verschil ten opzichte van een reguliere opleiding."
Anton,Postma,1989-09-07,Valtes,Student,"Ik ben Anton, woonachtig in Hoogeveen. Ik woon met mijn gezin – we hebben samen twee kinderen. In mijn vrije tijd zingen in een koor ik graag en ook koken vind ik heerlijk om te doen. Valtes bouwen aan software die processen slimmer maakt; ik wil meebouwen aan die efficiënte toekomst. De korte lijnen met de leerbedrijven bij Make It Work Noord-Nederland maken het verschil ten opzichte van een reguliere opleiding."
Nina,Oosterhout,1986-03-31,De Ree,Student,Hoi! Ik ben Nina en ik kom uit Meppel. Ik woon met mijn gezin – we hebben samen twee kinderen. Mijn vrije tijd breng ik het liefst door met dansen en filmavonden. Bij De Ree kan ik technologie inzetten voor een sector die er echt toe doet: de voedselketen. Via Make It Work Noord-Nederland wil ik de technische diepgang krijgen die ik in mijn vorige werk miste.
Dorien,Zijlstra,2000-11-12,Axians,Student,Hoi! Ik ben Dorien en ik kom uit Leek. Ik woon samen met mijn vriendin in een koopwoning. Mijn vrije tijd breng ik het liefst door met fotograferen en boardgames met vrienden. De projecten die Axians uitvoert zijn maatschappelijk relevant en technisch uitdagend tegelijk. Na veel wikken en wegen koos ik voor Make It Work Noord-Nederland vanwege de sterke band met het regionale bedrijfsleven.
Tineke,Tinga,1991-02-12,De Ree,Student,"Ik ben Tineke, woonachtig in Appingedam. Ik woon samen met twee huisgenoten in een gedeeld huis. In mijn vrije tijd birdwatching ik graag en ook filmavonden vind ik heerlijk om te doen. Bij De Ree kan ik technologie inzetten voor een sector die er echt toe doet: de voedselketen. Make It Work Noord-Nederland biedt een steile leercurve en dat is precies wat ik nodig heb om snel bij te komen."
Lisa,Dijk,1986-09-28,Alliade,Student,"Ik ben Lisa en ik woon in Emmen, samen met drie vrienden in een studentenhuis. Als ik niet aan het studeren ben, ben ik waarschijnlijk bezig met tennis of surfen. Bij Alliade draait het om mensen. Software die het werk van zorgprofessionals makkelijker maakt, geeft mijn werk betekenis. Via Make It Work Noord-Nederland wil ik de technische diepgang krijgen die ik in mijn vorige werk miste."
Anna,Hoogenbosch,1995-06-09,Alliade,Student,"Ik ben Anna en ik woon in Assen, samen met mijn man en onze dochter. Als ik niet aan het studeren ben, ben ik waarschijnlijk bezig met bakken of boardgames met vrienden. Bij Alliade draait het om mensen. Software die het werk van zorgprofessionals makkelijker maakt, geeft mijn werk betekenis. De praktijkgerichte aanpak van Make It Work Noord-Nederland paste perfect bij de manier waarop ik het liefst leer."
Britt,Tinga,1985-05-22,Nimble,Student,"Mijn naam is Britt Tinga en ik woon in Winschoten, in een rijtjeshuis aan de rand van de stad. In mijn vrije tijd ga ik graag schaken en ik doe ook veel aan surfen. Nimble staat voor agile werken en snelle innovatie, een omgeving waarin ik het beste tot mijn recht kom. Make It Work Noord-Nederland biedt een steile leercurve en dat is precies wat ik nodig heb om snel bij te komen."
Anton,Visser,1992-01-26,Sopra Steria,Student,"Ik ben Anton, woonachtig in Leeuwarden. Ik woon op kamers in Groningen. In mijn vrije tijd lezen ik graag en ook yoga vind ik heerlijk om te doen. Sopra Steria combineert technologie met maatwerk advies, precies wat ik wil doen. Make It Work Noord-Nederland biedt een steile leercurve en dat is precies wat ik nodig heb om snel bij te komen."
Fenna,Kuipers,1997-02-02,Nidaros,Student,"Mijn naam is Fenna Kuipers en ik woon in Veendam, samen met twee huisgenoten in een gedeeld huis. In mijn vrije tijd ga ik graag wielrennen en ik doe ook veel aan lezen. De Groningse roots van Nidaros en de focus op lokaal MKB maken dat ik me er echt thuis voel. Ik koos voor Make It Work Noord-Nederland omdat de opleiding meteen relevant is voor de praktijk."
Mirjam,Schenk,1986-08-11,Valtes,Student,"Ik ben Mirjam, woonachtig in Emmen. Ik woon samen met twee huisgenoten in een gedeeld huis. In mijn vrije tijd yoga ik graag en ook hardlopen vind ik heerlijk om te doen. De gestructureerde aanpak en het vakmanschap bij Valtes trekken me aan als aankomend developer. Make It Work Noord-Nederland gaf me het vertrouwen dat ik als carrièreswitch echt een goede softwareontwikkelaar kan worden."
Petra,De Groot,1991-05-23,Alliade,Student,"Mijn naam is Petra De Groot en ik woon in Leeuwarden, alleen in een studio in het centrum. In mijn vrije tijd ga ik graag koken en ik doe ook veel aan lezen. Bij Alliade draait het om mensen. Software die het werk van zorgprofessionals makkelijker maakt, geeft mijn werk betekenis. Via Make It Work Noord-Nederland wil ik de technische diepgang krijgen die ik in mijn vorige werk miste."
Rick,Beek,2000-10-14,Rijksuniversiteit Groningen,Student,"Ik ben Rick, woonachtig in Roden. Ik woon samen met drie vrienden in een studentenhuis. In mijn vrije tijd filmavonden ik graag en ook yoga vind ik heerlijk om te doen. De RUG combineert onderzoek en onderwijs op het hoogste niveau. Ik wil bijdragen aan de digitale toekomst van de universiteit. De community rondom Make It Work Noord-Nederland gaf de doorslag; je leert hier niet alleen van docenten maar ook van elkaar."
Petra,Jonker,1999-04-22,Nidaros,Student,"Ik ben Petra, geboren en getogen in de buurt van Leeuwarden. Op dit moment woon ik nog thuis bij mijn ouders. Tuinieren en drummen zijn mijn grote hobby's. Nidaros richt zich op maatwerk software voor het MKB, en ik hou van die directe impact op klanten. Na veel wikken en wegen koos ik voor Make It Work Noord-Nederland vanwege de sterke band met het regionale bedrijfsleven."
Ruben,Baas,1985-03-11,Nimble,Student,"Ik ben Ruben en ik woon in Joure, samen met twee huisgenoten in een gedeeld huis. Als ik niet aan het studeren ben, ben ik waarschijnlijk bezig met gamen of voetbal bij een amateurvereniging. Nimble staat voor agile werken en snelle innovatie, een omgeving waarin ik het beste tot mijn recht kom. Make It Work Noord-Nederland leek me de perfecte manier om mijn technische nieuwsgierigheid om te zetten in een echte carrière."
David,Backer,1985-03-13,IBM,Student,"Ik ben David en ik woon in Groningen, met mijn gezin – we hebben samen twee kinderen. Als ik niet aan het studeren ben, ben ik waarschijnlijk bezig met birdwatching of gitaarspelen. IBM staat voor mij synoniem aan innovatie op wereldschaal, en ik wil daar deel van uitmaken. Make It Work Noord-Nederland biedt een steile leercurve en dat is precies wat ik nodig heb om snel bij te komen."
Mark,Wolff,1986-01-30,Sopra Steria,Student,"Hoi! Ik ben Mark en ik kom uit Leeuwarden. Ik woon samen met mijn vriend in een huurwoning. Mijn vrije tijd breng ik het liefst door met drummen en motorrijden. Bij Sopra Steria kan ik snel veel verschillende sectoren leren kennen, en dat past bij mijn nieuwsgierigheid. Na veel wikken en wegen koos ik voor Make It Work Noord-Nederland vanwege de sterke band met het regionale bedrijfsleven."
Ole,Dijk,1990-06-25,Valtes,Student,"Ik ben Ole, woonachtig in Dokkum. Ik woon samen met drie vrienden in een studentenhuis. In mijn vrije tijd fitness ik graag en ook zwemmen vind ik heerlijk om te doen. Valtes bouwen aan software die processen slimmer maakt; ik wil meebouwen aan die efficiënte toekomst. Make It Work Noord-Nederland gaf me het vertrouwen dat ik als carrièreswitch echt een goede softwareontwikkelaar kan worden."
Jesse,Baan,1998-05-12,Alliade,Student,"Ik ben Jesse, geboren en getogen in de buurt van Harlingen. Op dit moment woon ik samen met twee huisgenoten in een gedeeld huis. Tuinieren en tennis zijn mijn grote hobby's. Ik heb altijd affiniteit gehad met de zorgsector en bij Alliade kan ik die combineren met software development. Make It Work Noord-Nederland leek me de perfecte manier om mijn technische nieuwsgierigheid om te zetten in een echte carrière."
Lena,Wolff,2000-11-13,Nimble,Student,"Ik ben Lena, woonachtig in Dokkum. Ik woon nog thuis bij mijn ouders. In mijn vrije tijd surfen ik graag en ook lezen vind ik heerlijk om te doen. Bij Nimble krijg ik de ruimte om te experimenteren en snel te leren, precies wat ik nodig heb. De korte lijnen met de leerbedrijven bij Make It Work Noord-Nederland maken het verschil ten opzichte van een reguliere opleiding."
Manon,Veldman,1987-02-21,Univé,Student,"Hoi! Ik ben Manon en ik kom uit Meppel. Ik woon samen met mijn man en onze dochter. Mijn vrije tijd breng ik het liefst door met motorrijden en tuinieren. Verzekeringen kunnen veel slimmer en transparanter, en bij Univé wil ik daaraan bijdragen. De korte lijnen met de leerbedrijven bij Make It Work Noord-Nederland maken het verschil ten opzichte van een reguliere opleiding."
Lena,Zijlstra,1994-03-12,Axians,Student,"Ik ben Lena en ik woon in Veendam, samen met drie vrienden in een studentenhuis. Als ik niet aan het studeren ben, ben ik waarschijnlijk bezig met boardgames met vrienden of lezen. De projecten die Axians uitvoert zijn maatschappelijk relevant en technisch uitdagend tegelijk. De praktijkgerichte aanpak van Make It Work Noord-Nederland paste perfect bij de manier waarop ik het liefst leer."
Sofie,De Jong,1989-12-29,Sopra Steria,Student,"Mijn naam is Sofie De Jong en ik woon in Groningen, samen met mijn vriend in een huurwoning. In mijn vrije tijd ga ik graag dansen en ik doe ook veel aan schilderen. De consultancyomgeving van Sopra Steria trekt me aan; ik wil complexe vraagstukken voor klanten oplossen. Make It Work Noord-Nederland leek me de perfecte manier om mijn technische nieuwsgierigheid om te zetten in een echte carrière."
Erik,Mulder,1993-03-12,Nimble,Student,"Ik ben Erik en ik woon in Sneek, samen met mijn man en onze dochter. Als ik niet aan het studeren ben, ben ik waarschijnlijk bezig met paddleboarden of gamen. De start-up mentaliteit van Nimble spreekt me enorm aan; ik wil impact maken zonder bureaucratie. Make It Work Noord-Nederland biedt een steile leercurve en dat is precies wat ik nodig heb om snel bij te komen."
Amber,Schippers,1987-03-05,Nidaros,Student,"Hoi! Ik ben Amber en ik kom uit Stadskanaal. Ik woon samen met mijn partner in een gezellig appartement. Mijn vrije tijd breng ik het liefst door met filmavonden en dansen. Nidaros richt zich op maatwerk software voor het MKB, en ik hou van die directe impact op klanten. Ik koos voor Make It Work Noord-Nederland omdat de opleiding meteen relevant is voor de praktijk."
Sander,Weide,1998-10-06,Univé,Student,"Ik ben Sander en ik woon in Meppel, samen met drie vrienden in een studentenhuis. Als ik niet aan het studeren ben, ben ik waarschijnlijk bezig met yoga of fotograferen. Ik geloof dat data en technologie de verzekeringswereld grondig gaan veranderen. Univé is daarin vooruitstrevend. Via Make It Work Noord-Nederland wil ik de technische diepgang krijgen die ik in mijn vorige werk miste."
Lies,Tjeerdsma,1990-09-04,Axians,Student,"Hoi! Ik ben Lies en ik kom uit Stadskanaal. Ik woon nog thuis bij mijn ouders. Mijn vrije tijd breng ik het liefst door met wandelen in de natuur en voetbal bij een amateurvereniging. Netwerken, cloud en security: bij Axians kom ik in aanraking met het volledige technische spectrum. De community rondom Make It Work Noord-Nederland gaf de doorslag; je leert hier niet alleen van docenten maar ook van elkaar."
Ellen,Lammers,1991-12-09,Alliade,Student,"Ik ben Ellen, woonachtig in Roden. Ik woon samen met mijn man en onze dochter. In mijn vrije tijd schaken ik graag en ook voetbal bij een amateurvereniging vind ik heerlijk om te doen. Bij Alliade draait het om mensen. Software die het werk van zorgprofessionals makkelijker maakt, geeft mijn werk betekenis. Na veel wikken en wegen koos ik voor Make It Work Noord-Nederland vanwege de sterke band met het regionale bedrijfsleven."
Patrick,Beek,1993-08-25,Nidaros,Student,"Ik ben Patrick, geboren en getogen in de buurt van Veendam. Op dit moment woon ik alleen in een studio in het centrum. Hardlopen en voetbal bij een amateurvereniging zijn mijn grote hobby's. Bij Nidaros werkt een klein, hecht team aan mooie producten. Die sfeer past perfect bij mij. Ik koos voor Make It Work Noord-Nederland omdat de opleiding meteen relevant is voor de praktijk."
Abel,Veldman,1994-11-12,Sopra Steria,Student,"Ik ben Abel en ik woon in Hoogeveen, samen met drie vrienden in een studentenhuis. Als ik niet aan het studeren ben, ben ik waarschijnlijk bezig met gitaarspelen of motorrijden. De consultancyomgeving van Sopra Steria trekt me aan; ik wil complexe vraagstukken voor klanten oplossen. Make It Work Noord-Nederland gaf me het vertrouwen dat ik als carrièreswitch echt een goede softwareontwikkelaar kan worden."
Nathalie,Baan,2000-10-31,Axians,Student,"Mijn naam is Nathalie Baan en ik woon in Groningen, nog thuis bij mijn ouders. In mijn vrije tijd ga ik graag lezen en ik doe ook veel aan yoga. De projecten die Axians uitvoert zijn maatschappelijk relevant en technisch uitdagend tegelijk. Make It Work Noord-Nederland leek me de perfecte manier om mijn technische nieuwsgierigheid om te zetten in een echte carrière."
Sjoerd,Gerritsen,1985-04-10,Rijksuniversiteit Groningen,Student,"Ik ben Sjoerd en ik woon in Leeuwarden, samen met mijn man en onze dochter. Als ik niet aan het studeren ben, ben ik waarschijnlijk bezig met zwemmen of yoga. De combinatie van wetenschap en technologie die de RUG biedt, is precies waar mijn hart sneller van gaat kloppen. De praktijkgerichte aanpak van Make It Work Noord-Nederland paste perfect bij de manier waarop ik het liefst leer."
Jana,Hoffman,1997-07-28,De Ree,Student,"Mijn naam is Jana Hoffman en ik woon in Drachten, samen met drie vrienden in een studentenhuis. In mijn vrije tijd ga ik graag paddleboarden en ik doe ook veel aan yoga. De agrarische sector digitaliseert razendsnel en ik wil bij De Ree aan die transitie meewerken. De community rondom Make It Work Noord-Nederland gaf de doorslag; je leert hier niet alleen van docenten maar ook van elkaar."
Ilse,Kok,1989-10-19,Nidaros,Student,"Ik ben Ilse, geboren en getogen in de buurt van Hoogezand. Op dit moment woon ik samen met mijn partner in een gezellig appartement. Lezen en schaken zijn mijn grote hobby's. Nidaros richt zich op maatwerk software voor het MKB, en ik hou van die directe impact op klanten. Via Make It Work Noord-Nederland wil ik de technische diepgang krijgen die ik in mijn vorige werk miste."
Esther,Pijlman,1986-09-13,Alliade,Student,"Ik ben Esther, woonachtig in Heerenveen. Ik woon op kamers in Groningen. In mijn vrije tijd basketbal ik graag en ook wielrennen vind ik heerlijk om te doen. Zorg en technologie samenvoegen is de uitdaging van onze tijd, en bij Alliade kan ik daar écht aan bijdragen. De korte lijnen met de leerbedrijven bij Make It Work Noord-Nederland maken het verschil ten opzichte van een reguliere opleiding."
Suse,Vermeer,1987-03-12,Nidaros,Student,"Ik ben Suse, geboren en getogen in de buurt van Dokkum. Op dit moment woon ik samen met drie vrienden in een studentenhuis. Zingen in een koor en schilderen zijn mijn grote hobby's. Nidaros richt zich op maatwerk software voor het MKB, en ik hou van die directe impact op klanten. Make It Work Noord-Nederland is voor mij de brug tussen waar ik vandaan kom en waar ik naartoe wil."
Dorien,Jonker,1998-07-14,Axians,Student,Hoi! Ik ben Dorien en ik kom uit Hoogezand. Ik woon op kamers in Groningen. Mijn vrije tijd breng ik het liefst door met vrijwilligerswerk bij een voedselbank en bakken. Axians werkt aan de digitale infrastructuur van morgen en ik wil daarin een rol spelen. De praktijkgerichte aanpak van Make It Work Noord-Nederland paste perfect bij de manier waarop ik het liefst leer.
Remco,Buitenhuis,1997-05-26,Rijksuniversiteit Groningen,Student,"Ik ben Remco, woonachtig in Harlingen. Ik woon samen met mijn partner in een gezellig appartement. In mijn vrije tijd zwemmen ik graag en ook tuinieren vind ik heerlijk om te doen. Als softwareontwikkelaar bij de RUG kan ik tools bouwen die studenten en onderzoekers echt verder helpen. Via Make It Work Noord-Nederland wil ik de technische diepgang krijgen die ik in mijn vorige werk miste."
Stéphanie,Hoekstra,1994-07-02,Univé,Student,"Ik ben Stéphanie en ik woon in Winschoten, samen met twee huisgenoten in een gedeeld huis. Als ik niet aan het studeren ben, ben ik waarschijnlijk bezig met schilderen of lezen. Verzekeringen kunnen veel slimmer en transparanter, en bij Univé wil ik daaraan bijdragen. Via Make It Work Noord-Nederland wil ik de technische diepgang krijgen die ik in mijn vorige werk miste."
Lotte,Tjeerdsma,1998-01-10,Nidaros,Student,"Mijn naam is Lotte Tjeerdsma en ik woon in Hoogeveen, samen met mijn man en onze dochter. In mijn vrije tijd ga ik graag yoga en ik doe ook veel aan wandelen in de natuur. Nidaros richt zich op maatwerk software voor het MKB, en ik hou van die directe impact op klanten. Make It Work Noord-Nederland biedt een steile leercurve en dat is precies wat ik nodig heb om snel bij te komen."
Karen,Driessen,1992-09-30,De Ree,Student,"Ik ben Karen en ik woon in Leek, samen met twee huisgenoten in een gedeeld huis. Als ik niet aan het studeren ben, ben ik waarschijnlijk bezig met surfen of hardlopen. Software voor de agri-sector is een niche die me fascineert; De Ree loopt daarin voorop. Make It Work Noord-Nederland leek me de perfecte manier om mijn technische nieuwsgierigheid om te zetten in een echte carrière."
Pim,Dam,1988-10-28,Nidaros,Student,"Ik ben Pim, woonachtig in Leeuwarden. Ik woon op kamers in Groningen. In mijn vrije tijd filmavonden ik graag en ook fotograferen vind ik heerlijk om te doen. Bij Nidaros werkt een klein, hecht team aan mooie producten. Die sfeer past perfect bij mij. Make It Work Noord-Nederland gaf me het vertrouwen dat ik als carrièreswitch echt een goede softwareontwikkelaar kan worden."
Mieke,Buitenhuis,1993-09-17,Alliade,Student,"Mijn naam is Mieke Buitenhuis en ik woon in Hoogeveen, samen met mijn vriend in een huurwoning. In mijn vrije tijd ga ik graag drummen en ik doe ook veel aan lezen. Bij Alliade draait het om mensen. Software die het werk van zorgprofessionals makkelijker maakt, geeft mijn werk betekenis. Make It Work Noord-Nederland gaf me het vertrouwen dat ik als carrièreswitch echt een goede softwareontwikkelaar kan worden."
Senne,Jansen,1997-06-18,Alliade,Student,"Ik ben Senne en ik woon in Emmen, samen met drie vrienden in een studentenhuis. Als ik niet aan het studeren ben, ben ik waarschijnlijk bezig met bakken of 3D-printen. Bij Alliade draait het om mensen. Software die het werk van zorgprofessionals makkelijker maakt, geeft mijn werk betekenis. Make It Work Noord-Nederland is voor mij de brug tussen waar ik vandaan kom en waar ik naartoe wil."
Sara,De Jong,1991-08-13,Nidaros,Student,Hoi! Ik ben Sara en ik kom uit Drachten. Ik woon samen met twee huisgenoten in een gedeeld huis. Mijn vrije tijd breng ik het liefst door met yoga en birdwatching. De Groningse roots van Nidaros en de focus op lokaal MKB maken dat ik me er echt thuis voel. Ik koos voor Make It Work Noord-Nederland omdat de opleiding meteen relevant is voor de praktijk.
Suse,Arends,1998-06-10,Nidaros,Student,"Ik ben Suse, woonachtig in Leek. Ik woon samen met twee huisgenoten in een gedeeld huis. In mijn vrije tijd boardgames met vrienden ik graag en ook tuinieren vind ik heerlijk om te doen. De Groningse roots van Nidaros en de focus op lokaal MKB maken dat ik me er echt thuis voel. Make It Work Noord-Nederland is voor mij de brug tussen waar ik vandaan kom en waar ik naartoe wil."
Henk,Buitenhuis,1988-09-11,Valtes,Student,"Mijn naam is Henk Buitenhuis en ik woon in Heerenveen, samen met mijn man en onze dochter. In mijn vrije tijd ga ik graag fotograferen en ik doe ook veel aan drummen. Valtes bouwen aan software die processen slimmer maakt; ik wil meebouwen aan die efficiënte toekomst. Ik koos voor Make It Work Noord-Nederland omdat de opleiding meteen relevant is voor de praktijk."
Lena,Westerhof,1995-08-07,Alliade,Student,Hoi! Ik ben Lena en ik kom uit Sneek. Ik woon nog thuis bij mijn ouders. Mijn vrije tijd breng ik het liefst door met dansen en tuinieren. Ik heb altijd affiniteit gehad met de zorgsector en bij Alliade kan ik die combineren met software development. Make It Work Noord-Nederland gaf me het vertrouwen dat ik als carrièreswitch echt een goede softwareontwikkelaar kan worden.
Roelof,Tinga,1988-02-05,Valtes,Student,Hoi! Ik ben Roelof en ik kom uit Veendam. Ik woon in een rijtjeshuis aan de rand van de stad. Mijn vrije tijd breng ik het liefst door met koken en filmavonden. De gestructureerde aanpak en het vakmanschap bij Valtes trekken me aan als aankomend developer. Ik koos voor Make It Work Noord-Nederland omdat de opleiding meteen relevant is voor de praktijk.
Nienke,Hoogenbosch,1987-10-28,Univé,Student,Hoi! Ik ben Nienke en ik kom uit Leeuwarden. Ik woon in een gezellige woning met mijn vrouw en kat. Mijn vrije tijd breng ik het liefst door met hardlopen en fotograferen. Als coöperatie heeft Univé een unieke aanpak die mij aanspreekt. Ik wil dat van binnenuit meebouwen. Make It Work Noord-Nederland biedt een steile leercurve en dat is precies wat ik nodig heb om snel bij te komen.
Lien,Pieters,1985-01-31,Valtes,Student,"Ik ben Lien, woonachtig in Dokkum. Ik woon samen met mijn vriendin in een koopwoning. In mijn vrije tijd birdwatching ik graag en ook motorrijden vind ik heerlijk om te doen. De gestructureerde aanpak en het vakmanschap bij Valtes trekken me aan als aankomend developer. Make It Work Noord-Nederland biedt een steile leercurve en dat is precies wat ik nodig heb om snel bij te komen."
Fleur,Hendriks,1997-06-02,Alliade,Student,"Ik ben Fleur, geboren en getogen in de buurt van Leek. Op dit moment woon ik alleen in een studio in het centrum. Schilderen en gamen zijn mijn grote hobby's. Bij Alliade draait het om mensen. Software die het werk van zorgprofessionals makkelijker maakt, geeft mijn werk betekenis. Make It Work Noord-Nederland biedt een steile leercurve en dat is precies wat ik nodig heb om snel bij te komen."
Sander,Baas,1990-03-03,De Ree,Student,Hoi! Ik ben Sander en ik kom uit Meppel. Ik woon samen met drie vrienden in een studentenhuis. Mijn vrije tijd breng ik het liefst door met bakken en dansen. De agrarische sector digitaliseert razendsnel en ik wil bij De Ree aan die transitie meewerken. De community rondom Make It Work Noord-Nederland gaf de doorslag; je leert hier niet alleen van docenten maar ook van elkaar.
Nienke,Lammers,1996-11-01,De Ree,Student,"Ik ben Nienke, woonachtig in Emmen. Ik woon alleen in een studio in het centrum. In mijn vrije tijd schilderen ik graag en ook koken vind ik heerlijk om te doen. Bij De Ree kan ik technologie inzetten voor een sector die er echt toe doet: de voedselketen. Via Make It Work Noord-Nederland wil ik de technische diepgang krijgen die ik in mijn vorige werk miste."
Yvonne,Veldman,1993-02-26,Univé,Student,"Ik ben Yvonne, woonachtig in Franeker. Ik woon samen met twee huisgenoten in een gedeeld huis. In mijn vrije tijd tennis ik graag en ook yoga vind ik heerlijk om te doen. Ik geloof dat data en technologie de verzekeringswereld grondig gaan veranderen. Univé is daarin vooruitstrevend. Make It Work Noord-Nederland biedt een steile leercurve en dat is precies wat ik nodig heb om snel bij te komen."
Joris,Strikker,1991-03-02,Univé,Student,"Ik ben Joris en ik woon in Dokkum, alleen in een studio in het centrum. Als ik niet aan het studeren ben, ben ik waarschijnlijk bezig met zingen in een koor of gamen. Als coöperatie heeft Univé een unieke aanpak die mij aanspreekt. Ik wil dat van binnenuit meebouwen. Ik koos voor Make It Work Noord-Nederland omdat de opleiding meteen relevant is voor de praktijk."
Suse,Jansen,2000-12-18,Valtes,Student,"Ik ben Suse, woonachtig in Heerenveen. Ik woon nog thuis bij mijn ouders. In mijn vrije tijd schaken ik graag en ook surfen vind ik heerlijk om te doen. Valtes bouwen aan software die processen slimmer maakt; ik wil meebouwen aan die efficiënte toekomst. Make It Work Noord-Nederland biedt een steile leercurve en dat is precies wat ik nodig heb om snel bij te komen."
Jade,Janssen,1987-10-25,IBM,Student,"Ik ben Jade, geboren en getogen in de buurt van Appingedam. Op dit moment woon ik samen met mijn vriend in een huurwoning. Boardgames met vrienden en schaken zijn mijn grote hobby's. IBM biedt precies de technische uitdaging die ik zoek na jaren in een andere sector. De community rondom Make It Work Noord-Nederland gaf de doorslag; je leert hier niet alleen van docenten maar ook van elkaar."
Max,Zandbergen,1988-12-15,Axians,Student,"Mijn naam is Max Zandbergen en ik woon in Assen, samen met mijn vriendin in een koopwoning. In mijn vrije tijd ga ik graag hardlopen en ik doe ook veel aan fotograferen. De projecten die Axians uitvoert zijn maatschappelijk relevant en technisch uitdagend tegelijk. Ik koos voor Make It Work Noord-Nederland omdat de opleiding meteen relevant is voor de praktijk."
Jade,Wierda,1988-02-26,Rijksuniversiteit Groningen,Student,"Ik ben Jade, geboren en getogen in de buurt van Dokkum. Op dit moment woon ik alleen in een studio in het centrum. Birdwatching en hardlopen zijn mijn grote hobby's. De RUG combineert onderzoek en onderwijs op het hoogste niveau. Ik wil bijdragen aan de digitale toekomst van de universiteit. Ik koos voor Make It Work Noord-Nederland omdat de opleiding meteen relevant is voor de praktijk."
Fleur,Boer,1988-10-05,Nidaros,Student,"Hoi! Ik ben Fleur en ik kom uit Groningen. Ik woon samen met mijn man en onze dochter. Mijn vrije tijd breng ik het liefst door met filmavonden en hardlopen. Nidaros richt zich op maatwerk software voor het MKB, en ik hou van die directe impact op klanten. Na veel wikken en wegen koos ik voor Make It Work Noord-Nederland vanwege de sterke band met het regionale bedrijfsleven."
Maud,Baas,1991-12-20,Nidaros,Student,"Hoi! Ik ben Maud en ik kom uit Stadskanaal. Ik woon samen met drie vrienden in een studentenhuis. Mijn vrije tijd breng ik het liefst door met basketbal en gitaarspelen. Nidaros richt zich op maatwerk software voor het MKB, en ik hou van die directe impact op klanten. Make It Work Noord-Nederland is voor mij de brug tussen waar ik vandaan kom en waar ik naartoe wil."
Ole,Graafland,1996-06-16,Valtes,Student,"Ik ben Ole, geboren en getogen in de buurt van Assen. Op dit moment woon ik samen met mijn vriend in een huurwoning. Gitaarspelen en 3D-printen zijn mijn grote hobby's. De gestructureerde aanpak en het vakmanschap bij Valtes trekken me aan als aankomend developer. De korte lijnen met de leerbedrijven bij Make It Work Noord-Nederland maken het verschil ten opzichte van een reguliere opleiding."
Charlotte,Jansen,1991-07-20,De Ree,Student,"Mijn naam is Charlotte Jansen en ik woon in Franeker, samen met twee huisgenoten in een gedeeld huis. In mijn vrije tijd ga ik graag surfen en ik doe ook veel aan fitness. Bij De Ree kan ik technologie inzetten voor een sector die er echt toe doet: de voedselketen. Make It Work Noord-Nederland gaf me het vertrouwen dat ik als carrièreswitch echt een goede softwareontwikkelaar kan worden."
Nathalie,Centraal,1995-02-19,Univé,Student,"Ik ben Nathalie, woonachtig in Winschoten. Ik woon nog thuis bij mijn ouders. In mijn vrije tijd filmavonden ik graag en ook gamen vind ik heerlijk om te doen. Verzekeringen kunnen veel slimmer en transparanter, en bij Univé wil ik daaraan bijdragen. Via Make It Work Noord-Nederland wil ik de technische diepgang krijgen die ik in mijn vorige werk miste."
Noortje,Smits,1992-06-08,Axians,Student,"Hoi! Ik ben Noortje en ik kom uit Franeker. Ik woon samen met mijn partner in een gezellig appartement. Mijn vrije tijd breng ik het liefst door met schilderen en fitness. Netwerken, cloud en security: bij Axians kom ik in aanraking met het volledige technische spectrum. Make It Work Noord-Nederland is voor mij de brug tussen waar ik vandaan kom en waar ik naartoe wil."
Britt,Weide,1995-09-11,Nimble,Student,"Mijn naam is Britt Weide en ik woon in Assen, nog thuis bij mijn ouders. In mijn vrije tijd ga ik graag zingen in een koor en ik doe ook veel aan wielrennen. De start-up mentaliteit van Nimble spreekt me enorm aan; ik wil impact maken zonder bureaucratie. De korte lijnen met de leerbedrijven bij Make It Work Noord-Nederland maken het verschil ten opzichte van een reguliere opleiding."
Amy,Naber,1990-04-29,Valtes,Student,"Ik ben Amy en ik woon in Hoogezand, samen met mijn vriend in een huurwoning. Als ik niet aan het studeren ben, ben ik waarschijnlijk bezig met hardlopen of schaken. Valtes bouwen aan software die processen slimmer maakt; ik wil meebouwen aan die efficiënte toekomst. Make It Work Noord-Nederland gaf me het vertrouwen dat ik als carrièreswitch echt een goede softwareontwikkelaar kan worden."
Yuri,Tinga,1989-11-11,Nimble,Student,"Ik ben Yuri en ik woon in Hoogezand, samen met mijn vriendin in een koopwoning. Als ik niet aan het studeren ben, ben ik waarschijnlijk bezig met tennis of filmavonden. Bij Nimble krijg ik de ruimte om te experimenteren en snel te leren, precies wat ik nodig heb. Via Make It Work Noord-Nederland wil ik de technische diepgang krijgen die ik in mijn vorige werk miste."
Roelof,De Boer,1996-08-30,IBM,Student,"Mijn naam is Roelof De Boer en ik woon in Meppel, alleen in een studio in het centrum. In mijn vrije tijd ga ik graag schaken en ik doe ook veel aan fitness. De internationale uitstraling en de focus op AI bij IBM trekken me enorm aan. Make It Work Noord-Nederland biedt een steile leercurve en dat is precies wat ik nodig heb om snel bij te komen."
Remco,Hoogenbosch,1993-10-28,Rijksuniversiteit Groningen,Student,"Ik ben Remco, geboren en getogen in de buurt van Hoogeveen. Op dit moment woon ik alleen in een studio in het centrum. Klimmen en schilderen zijn mijn grote hobby's. Als softwareontwikkelaar bij de RUG kan ik tools bouwen die studenten en onderzoekers echt verder helpen. Make It Work Noord-Nederland leek me de perfecte manier om mijn technische nieuwsgierigheid om te zetten in een echte carrière."
Pim,Wierda,1986-10-13,Nimble,Student,"Ik ben Pim, geboren en getogen in de buurt van Stadskanaal. Op dit moment woon ik samen met mijn vriendin in een koopwoning. Fitness en birdwatching zijn mijn grote hobby's. Bij Nimble krijg ik de ruimte om te experimenteren en snel te leren, precies wat ik nodig heb. Make It Work Noord-Nederland biedt een steile leercurve en dat is precies wat ik nodig heb om snel bij te komen."
Lien,Willems,1995-07-08,Sopra Steria,Student,"Hoi! Ik ben Lien en ik kom uit Groningen. Ik woon op kamers in Groningen. Mijn vrije tijd breng ik het liefst door met koken en vrijwilligerswerk bij een voedselbank. Bij Sopra Steria kan ik snel veel verschillende sectoren leren kennen, en dat past bij mijn nieuwsgierigheid. De community rondom Make It Work Noord-Nederland gaf de doorslag; je leert hier niet alleen van docenten maar ook van elkaar."
Pim,De Boer,1995-12-05,De Ree,Student,"Ik ben Pim, woonachtig in Hoogeveen. Ik woon samen met mijn man en onze dochter. In mijn vrije tijd koken ik graag en ook fitness vind ik heerlijk om te doen. Bij De Ree kan ik technologie inzetten voor een sector die er echt toe doet: de voedselketen. De community rondom Make It Work Noord-Nederland gaf de doorslag; je leert hier niet alleen van docenten maar ook van elkaar."
Stefan,Doorn,1990-03-03,Valtes,Student,Hoi! Ik ben Stefan en ik kom uit Appingedam. Ik woon samen met mijn partner in een gezellig appartement. Mijn vrije tijd breng ik het liefst door met bakken en schaken. De gestructureerde aanpak en het vakmanschap bij Valtes trekken me aan als aankomend developer. Make It Work Noord-Nederland gaf me het vertrouwen dat ik als carrièreswitch echt een goede softwareontwikkelaar kan worden.
Bram,Pijlman,1989-01-07,De Ree,Student,"Mijn naam is Bram Pijlman en ik woon in Stadskanaal, samen met mijn partner in een gezellig appartement. In mijn vrije tijd ga ik graag gamen en ik doe ook veel aan wielrennen. De agrarische sector digitaliseert razendsnel en ik wil bij De Ree aan die transitie meewerken. De community rondom Make It Work Noord-Nederland gaf de doorslag; je leert hier niet alleen van docenten maar ook van elkaar."
Suse,Hendriks,1995-09-20,Alliade,Student,"Hoi! Ik ben Suse en ik kom uit Meppel. Ik woon in een rijtjeshuis aan de rand van de stad. Mijn vrije tijd breng ik het liefst door met boardgames met vrienden en wielrennen. Bij Alliade draait het om mensen. Software die het werk van zorgprofessionals makkelijker maakt, geeft mijn werk betekenis. De korte lijnen met de leerbedrijven bij Make It Work Noord-Nederland maken het verschil ten opzichte van een reguliere opleiding."
Dennis,Pijlman,1986-07-11,Nimble,Student,"Mijn naam is Dennis Pijlman en ik woon in Joure, samen met mijn vriend in een huurwoning. In mijn vrije tijd ga ik graag lezen en ik doe ook veel aan surfen. De start-up mentaliteit van Nimble spreekt me enorm aan; ik wil impact maken zonder bureaucratie. Ik koos voor Make It Work Noord-Nederland omdat de opleiding meteen relevant is voor de praktijk."
Tessa,Smit,1989-03-27,De Ree,Student,"Mijn naam is Tessa Smit en ik woon in Leek, in een rijtjeshuis aan de rand van de stad. In mijn vrije tijd ga ik graag klimmen en ik doe ook veel aan 3D-printen. Software voor de agri-sector is een niche die me fascineert; De Ree loopt daarin voorop. Make It Work Noord-Nederland leek me de perfecte manier om mijn technische nieuwsgierigheid om te zetten in een echte carrière."
Wim,Bakker,1994-03-01,Alliade,Student,"Hoi! Ik ben Wim en ik kom uit Assen. Ik woon samen met mijn partner in een gezellig appartement. Mijn vrije tijd breng ik het liefst door met wielrennen en vrijwilligerswerk bij een voedselbank. Zorg en technologie samenvoegen is de uitdaging van onze tijd, en bij Alliade kan ik daar écht aan bijdragen. De community rondom Make It Work Noord-Nederland gaf de doorslag; je leert hier niet alleen van docenten maar ook van elkaar."
Femke,Peters,1988-06-10,Axians,Student,Hoi! Ik ben Femke en ik kom uit Appingedam. Ik woon samen met mijn vriend in een huurwoning. Mijn vrije tijd breng ik het liefst door met tuinieren en drummen. De projecten die Axians uitvoert zijn maatschappelijk relevant en technisch uitdagend tegelijk. Ik koos voor Make It Work Noord-Nederland omdat de opleiding meteen relevant is voor de praktijk.
Elisa,Tinga,1986-09-12,De Ree,Student,Hoi! Ik ben Elisa en ik kom uit Groningen. Ik woon nog thuis bij mijn ouders. Mijn vrije tijd breng ik het liefst door met vrijwilligerswerk bij een voedselbank en hardlopen. De agrarische sector digitaliseert razendsnel en ik wil bij De Ree aan die transitie meewerken. Ik koos voor Make It Work Noord-Nederland omdat de opleiding meteen relevant is voor de praktijk.
Arjan,Pijlman,1985-10-31,Univé,Student,"Ik ben Arjan, woonachtig in Roden. Ik woon samen met mijn partner in een gezellig appartement. In mijn vrije tijd yoga ik graag en ook vrijwilligerswerk bij een voedselbank vind ik heerlijk om te doen. Ik geloof dat data en technologie de verzekeringswereld grondig gaan veranderen. Univé is daarin vooruitstrevend. Ik koos voor Make It Work Noord-Nederland omdat de opleiding meteen relevant is voor de praktijk."
Patrick,Zandbergen,1986-03-05,Axians,Student,"Ik ben Patrick, woonachtig in Sneek. Ik woon alleen in een studio in het centrum. In mijn vrije tijd zwemmen ik graag en ook filmavonden vind ik heerlijk om te doen. Netwerken, cloud en security: bij Axians kom ik in aanraking met het volledige technische spectrum. Make It Work Noord-Nederland is voor mij de brug tussen waar ik vandaan kom en waar ik naartoe wil."
Maud,Weide,1998-07-31,Valtes,Student,"Ik ben Maud, geboren en getogen in de buurt van Appingedam. Op dit moment woon ik met mijn gezin – we hebben samen twee kinderen. Birdwatching en hardlopen zijn mijn grote hobby's. De gestructureerde aanpak en het vakmanschap bij Valtes trekken me aan als aankomend developer. De praktijkgerichte aanpak van Make It Work Noord-Nederland paste perfect bij de manier waarop ik het liefst leer."
Tara,De Wolf,1996-03-04,IBM,Student,"Ik ben Tara en ik woon in Drachten, alleen in een studio in het centrum. Als ik niet aan het studeren ben, ben ik waarschijnlijk bezig met basketbal of boardgames met vrienden. IBM biedt precies de technische uitdaging die ik zoek na jaren in een andere sector. De community rondom Make It Work Noord-Nederland gaf de doorslag; je leert hier niet alleen van docenten maar ook van elkaar."
Anna,Strikker,1987-07-25,Sopra Steria,Student,"Ik ben Anna, woonachtig in Heerenveen. Ik woon samen met mijn man en onze dochter. In mijn vrije tijd klimmen ik graag en ook motorrijden vind ik heerlijk om te doen. De consultancyomgeving van Sopra Steria trekt me aan; ik wil complexe vraagstukken voor klanten oplossen. Make It Work Noord-Nederland leek me de perfecte manier om mijn technische nieuwsgierigheid om te zetten in een echte carrière."
Ruben,Beek,1991-09-22,Alliade,Student,"Hoi! Ik ben Ruben en ik kom uit Leeuwarden. Ik woon alleen in een studio in het centrum. Mijn vrije tijd breng ik het liefst door met voetbal bij een amateurvereniging en paddleboarden. Zorg en technologie samenvoegen is de uitdaging van onze tijd, en bij Alliade kan ik daar écht aan bijdragen. Make It Work Noord-Nederland is voor mij de brug tussen waar ik vandaan kom en waar ik naartoe wil."
Hanna,De Wolf,1987-09-15,Alliade,Student,"Hoi! Ik ben Hanna en ik kom uit Heerenveen. Ik woon nog thuis bij mijn ouders. Mijn vrije tijd breng ik het liefst door met tuinieren en wielrennen. Zorg en technologie samenvoegen is de uitdaging van onze tijd, en bij Alliade kan ik daar écht aan bijdragen. Make It Work Noord-Nederland biedt een steile leercurve en dat is precies wat ik nodig heb om snel bij te komen."
Niels,Hoogenbosch,1989-12-08,De Ree,Student,"Ik ben Niels en ik woon in Joure, met mijn gezin – we hebben samen twee kinderen. Als ik niet aan het studeren ben, ben ik waarschijnlijk bezig met boardgames met vrienden of klimmen. De agrarische sector digitaliseert razendsnel en ik wil bij De Ree aan die transitie meewerken. Ik koos voor Make It Work Noord-Nederland omdat de opleiding meteen relevant is voor de praktijk."
Yvonne,Meijer,1992-09-30,Nimble,Student,"Hoi! Ik ben Yvonne en ik kom uit Franeker. Ik woon samen met drie vrienden in een studentenhuis. Mijn vrije tijd breng ik het liefst door met klimmen en motorrijden. Nimble staat voor agile werken en snelle innovatie, een omgeving waarin ik het beste tot mijn recht kom. Make It Work Noord-Nederland gaf me het vertrouwen dat ik als carrièreswitch echt een goede softwareontwikkelaar kan worden."
Esther,Boer,1991-04-20,Rijksuniversiteit Groningen,Student,Hoi! Ik ben Esther en ik kom uit Dokkum. Ik woon in een gezellige woning met mijn vrouw en kat. Mijn vrije tijd breng ik het liefst door met motorrijden en zingen in een koor. Als softwareontwikkelaar bij de RUG kan ik tools bouwen die studenten en onderzoekers echt verder helpen. Via Make It Work Noord-Nederland wil ik de technische diepgang krijgen die ik in mijn vorige werk miste.
Geert,De Wolf,1996-03-03,Rijksuniversiteit Groningen,Student,"Ik ben Geert, woonachtig in Heerenveen. Ik woon op kamers in Groningen. In mijn vrije tijd motorrijden ik graag en ook paddleboarden vind ik heerlijk om te doen. Als softwareontwikkelaar bij de RUG kan ik tools bouwen die studenten en onderzoekers echt verder helpen. Via Make It Work Noord-Nederland wil ik de technische diepgang krijgen die ik in mijn vorige werk miste."
Noortje,Koster,1988-04-16,IBM,Student,"Ik ben Noortje, geboren en getogen in de buurt van Assen. Op dit moment woon ik samen met mijn vriendin in een koopwoning. 3d-printen en wielrennen zijn mijn grote hobby's. De internationale uitstraling en de focus op AI bij IBM trekken me enorm aan. De praktijkgerichte aanpak van Make It Work Noord-Nederland paste perfect bij de manier waarop ik het liefst leer."
Lien,Timmer,1993-12-08,Univé,Student,"Ik ben Lien, woonachtig in Leeuwarden. Ik woon alleen in een studio in het centrum. In mijn vrije tijd filmavonden ik graag en ook wandelen in de natuur vind ik heerlijk om te doen. Verzekeringen kunnen veel slimmer en transparanter, en bij Univé wil ik daaraan bijdragen. Make It Work Noord-Nederland gaf me het vertrouwen dat ik als carrièreswitch echt een goede softwareontwikkelaar kan worden."